<?xml version="1.0"?>
<XMLDATA>
  <Submission SubmissionId="1784048">
    <Driver FolderName="2f32ffc5-b249-456e-9a4d-368ca1154352">
      <Language LanguageName="Arabic" />
      <Language LanguageName="Arabic Lebanon" />
      <Language LanguageName="Arabic Saudi Arabia" />
      <Language LanguageName="Basque" />
      <Language LanguageName="Brazilian" />
      <Language LanguageName="Bulgarian" />
      <Language LanguageName="Catalan" />
      <Language LanguageName="Chinese-HongKong" />
      <Language LanguageName="Chinese-Simplified" />
      <Language LanguageName="Chinese-Traditional" />
      <Language LanguageName="Croatian" />
      <Language LanguageName="Czech" />
      <Language LanguageName="Danish" />
      <Language LanguageName="Dutch" />
      <Language LanguageName="English" />
      <Language LanguageName="English-Euro" />
      <Language LanguageName="Estonian" />
      <Language LanguageName="Finnish" />
      <Language LanguageName="French" />
      <Language LanguageName="French/Canadian" />
      <Language LanguageName="German" />
      <Language LanguageName="Greek" />
      <Language LanguageName="Hebrew" />
      <Language LanguageName="Hungarian" />
      <Language LanguageName="Italian" />
      <Language LanguageName="Japanese" />
      <Language LanguageName="Korean" />
      <Language LanguageName="Latvian" />
      <Language LanguageName="Lithuanian" />
      <Language LanguageName="Norwegian" />
      <Language LanguageName="Polish" />
      <Language LanguageName="Portuguese" />
      <Language LanguageName="Romanian" />
      <Language LanguageName="Russian" />
      <Language LanguageName="Slovak" />
      <Language LanguageName="Slovenian" />
      <Language LanguageName="Spanish" />
      <Language LanguageName="Swedish" />
      <Language LanguageName="Thai" />
      <Language LanguageName="Turkish" />
      <Language LanguageName="Ukrainian" />
    </Driver>
  </Submission>
</XMLDATA>